is_feasible,feasibility_ratio,total_violation,annual_consumption_kwh,comfort_hours,peak_cooling_kw,penalized_consumption,n_active_constraints,wall_u_value,roof_u_value,window_u_value,window_shgc,window_to_wall_ratio,infiltration_ach,hvac_cop,hvac_setpoint_cooling,hvac_setpoint_heating,lighting_power_density,equipment_power_density,occupancy_density,violation_max_annual_consumption,violation_min_comfort_hours,violation_max_peak_cooling,violation_max_comfort_hours,violation_min_consumption
True,1.0,0.0,37947.88273669042,5279.65122340335,28.66489939255883,37947.88273669042,0,0.8361584827448927,0.4697752546155508,4.512364818597378,0.3648836213288817,0.5113071592568392,0.8084859043785153,4.168874748228676,22.382141255338674,20.495437298706292,9.517676787372292,15.03930155810569,0.06680142077448634,0,0.0,0,0,0
True,1.0,0.0,40466.91423367479,5132.9847194863805,27.92749116411223,40466.91423367479,0,0.8708393306221651,0.5006676080764404,4.255390511598632,0.49752544104726254,0.14052310795382397,0.5642198423397735,4.20814690914899,22.3045234379612,21.404827656195074,9.951465270139742,13.767038927919776,0.10924077846595176,0,0.0,0,0,0
True,1.0,0.0,40695.68203186447,5036.874908655964,26.32718891954873,40695.68203186447,0,1.527502246597547,0.7604942202012397,2.010721703229919,0.4714637096796161,0.17042851018989993,0.5116643838074679,3.7459194318486992,23.675701798018192,21.6593836042724,8.62393899116633,14.967060203336521,0.11322642879195303,0,0.0,0,0,0
True,1.0,0.0,40695.68203186447,5036.874908655964,26.32718891954873,40695.68203186447,0,0.8383198837533978,0.5377726387330104,2.3333865420519553,0.340164650629946,0.12104659481818095,0.3214487216800966,4.969305974340079,23.71109253494345,19.537306588638728,11.7964728269307,10.619046654380771,0.14499611839502252,0,0.0,0,0,0
True,1.0,0.0,40695.68203186447,5036.874908655964,26.32718891954873,40695.68203186447,0,0.8994045822866223,0.7557363905404164,2.0689485889344734,0.4239510749776041,0.21363481363157574,0.3878351085221323,4.008621483453445,24.672851194220065,20.47796138403846,9.634940438005724,12.557429362150758,0.1363333649571825,0,0.0,0,0,0
False,0.8,12.225898532971769,42926.75508229673,4987.774101467028,28.372024578995127,43001.49137976599,1,1.1587110796190416,0.477335179906885,2.2115945392722143,0.42637049786277365,0.11003559888886319,0.6864949986998139,3.0286200174913613,23.309989408711658,18.479048527277005,13.90527280739895,15.123109442648584,0.11791023191444895,0,12.225898532971769,0,0,0
False,0.8,25.61482254306884,44432.6675640987,4974.385177456931,25.878724492207517,44760.72713105516,1,1.0209259715906647,1.2099875478805684,1.8985320197126188,0.508540663048167,0.39620728443102127,0.35574049526399726,4.018862129753596,22.682096494749167,18.260206371941116,14.488855372533333,19.587584396894712,0.13083973481164612,0,25.61482254306884,0,0,0
False,0.8,25.61482254306884,44432.6675640987,4974.385177456931,25.878724492207517,44760.72713105516,1,1.7947599468251367,0.9814153040461112,2.048317636391352,0.21464046893392283,0.5350494369504649,0.32552329302046457,4.686754181710499,24.115748536108846,21.756270794051584,12.987832357736654,19.975209326400048,0.08507118154517102,0,25.61482254306884,0,0,0
False,0.8,25.61482254306884,44432.6675640987,4974.385177456931,25.878724492207517,44760.72713105516,1,1.6541226954942654,1.1790849319484313,4.590161419863855,0.46134998888775985,0.5089171080875108,0.4442508664447301,3.8612227449021237,22.023034641992485,19.29834331960108,8.66461534871398,12.754072299311066,0.11954672066898621,0,25.61482254306884,0,0,0
True,1.0,0.0,45109.6156848155,5320.140656281471,28.07016203731074,45109.6156848155,0,0.8776340603804893,1.2442469965554743,5.44274258191725,0.2902501346621169,0.39706535767606754,0.7570690279572259,4.924785994536508,25.368475692542834,21.353314818844552,9.686931597949702,12.977834028051982,0.07734070719307062,0,0.0,0,0,0
True,1.0,0.0,45109.6156848155,5320.140656281471,28.07016203731074,45109.6156848155,0,0.8310576058518746,0.9463888772537548,2.7650982029487956,0.4624849532142375,0.5520793472468742,0.7179065604279604,3.784973722899527,25.134612050964574,19.58617112928508,11.220867002278734,18.34836450496094,0.1449520623657642,0,0.0,0,0,0
False,0.8,53.6037724547532,44453.79481321462,4946.396227545247,27.58296449644276,45890.4770239051,1,0.3789945069668213,0.47828245784926304,4.250201193350466,0.7134178808637714,0.5151099322834958,0.7766202355421458,4.170212841426615,22.819937181663285,19.172590921044055,13.963358185211197,8.156023082128833,0.05855085308544681,0,53.6037724547532,0,0,0
False,0.8,90.37585551959455,42166.265730779545,4909.624144480405,29.997758830471337,46250.16336122886,1,1.6037217112720585,0.29442386241639384,4.424625561259126,0.5247599472056662,0.5814960019294974,0.7102465992464233,4.081554732834871,25.72811242204007,18.410038911962715,14.372284872364512,16.254628667609758,0.05678370591051719,0,90.37585551959455,0,0,0
True,1.0,0.0,46361.08142344623,5202.550607793824,23.44151701979525,46361.08142344623,0,0.5040831135298962,0.5260969576931441,1.7965471792453607,0.2532215202542334,0.1603179355503004,0.852934521639271,3.0158342960144813,23.457079444192303,20.013669083419426,11.903948286293653,8.471745678093187,0.12994103989090428,0,0.0,0,0,0
True,1.0,0.0,46361.08142344623,5202.550607793824,23.44151701979525,46361.08142344623,0,0.4700875964491717,0.588312501301581,4.318106848245098,0.48561087762126,0.2879441425728847,0.7733715342840424,3.6486169210149666,25.140066175348228,21.568338755760937,14.553346865039282,17.44284063506354,0.08154068957480128,0,0.0,0,0,0
True,1.0,0.0,46868.15783028268,5095.324195377878,28.958488060340347,46868.15783028268,0,0.5260688291624246,1.0695091028527268,1.8164725646303213,0.5150980302002361,0.4545231308612163,0.4282523077136926,3.918280549072259,23.026251134805456,21.85170750095032,9.835456467199247,17.671910597301896,0.10502265421562618,0,0.0,0,0,0
False,0.8,116.30030751545746,42213.1428375237,4883.6996924845425,30.322363468289346,48976.02360161868,1,1.3128585887545328,0.6480334134191927,3.0814062225991656,0.648482562880254,0.11834160144529896,0.6029243332128249,4.283373964711381,25.580827350748798,20.046709768462666,10.321134852653156,9.286064136077313,0.09474123668234546,0,116.30030751545746,0,0,0
False,0.8,108.33570936338765,43155.52288048641,4891.664290636612,26.771722334431626,49023.83584212061,1,1.1343472132451926,0.7968955348001369,1.1153892961289607,0.40474869657569384,0.2900978093929285,0.7785873370762806,3.950430923068331,24.134410186907512,20.43162037117378,12.648832615421282,17.75582886459312,0.12181230762264944,0,108.33570936338765,0,0,0
False,0.8,45.21062350554894,49247.17083238201,4954.789376494451,30.142628560289573,50269.17107126226,1,0.6206817474387795,0.8790160847160894,4.960355894026562,0.5905264214283166,0.3664788932756676,0.6892005037384508,3.3325047826454948,24.67794782079276,21.97655744488467,11.618391898493787,14.693401008440299,0.12306505102392461,0,45.21062350554894,0,0,0
False,0.8,49.88642264147347,49327.99867890462,4950.1135773585265,29.403021475223248,50572.32626088648,1,0.8987058671717394,1.0184390948971769,3.062138007211825,0.527370073589561,0.5707324043882626,0.7633231653609291,4.902976409559786,25.621402567824255,18.783164539157184,5.6936130087516545,9.20933601652912,0.05182218256515497,0,49.88642264147347,0,0,0
False,0.8,117.88543695724911,45803.113021449266,4882.114563042751,26.50841639664651,52751.60114475004,1,0.5234295959664356,0.47068348864723486,5.371277923187378,0.3085861716256939,0.5271925466847895,0.8907334277376417,3.1180776860079424,25.482999605090047,19.781221020010662,10.148173539296902,12.310800432797189,0.10929508514349273,0,117.88543695724911,0,0,0
True,1.0,0.0,52994.33811309283,5427.0642831650575,27.89887294621558,52994.33811309283,0,0.715774253830912,0.9476249017681646,1.1372511247257224,0.22240891324952866,0.5113002803298291,0.7322287696935155,2.817651281629712,24.088973040219216,21.079974212394443,7.1582102749684315,15.474685709828004,0.0585347464993768,0,0.0,0,0,0
False,0.8,62.57279703997938,52369.49962639805,4937.427202960021,35.34955081918539,54327.17709110128,1,0.8110103465770508,1.2500139035577915,1.3605168087310382,0.7368899936363167,0.3737961880768681,1.2807573239549923,3.6307957112957503,24.5743107807861,20.105610643744452,12.315895217553319,8.979559784367074,0.05603520839905638,0,62.57279703997938,0,0,0
False,0.8,40.39795307671466,56475.369413429464,4959.602046923285,32.62766007561155,57291.36671982368,1,0.6583531785747749,1.0700286750023045,4.42102536950359,0.5573832443647067,0.33578809427507916,0.7942090969767222,3.372170666357488,25.718116576991303,21.322477631150917,14.650269106665126,9.491566681826537,0.12308674752036443,0,40.39795307671466,0,0,0
False,0.8,147.3215799603031,48590.64698515214,4852.678420039697,32.798949166706706,59442.47094615213,1,0.8157471476886335,1.2586973613072174,1.4978428162984325,0.7078713750407111,0.1637443311659912,0.7767447486724407,4.493238414448884,22.599669709395094,18.917005580930567,12.222525683930662,16.64043843855289,0.11411476328852972,0,147.3215799603031,0,0,0
True,1.0,0.0,60254.22205467538,5044.350829843608,35.17826172809024,60254.22205467538,0,0.7857194566866819,1.1577633969093326,3.923348045712466,0.7095340462965067,0.4288064461501717,0.9819703240025659,2.7341869195702313,23.470863212237735,19.060809470726902,7.439896433790835,19.676126657029346,0.08930977246667604,0,0.0,0,0,0
True,1.0,0.0,61172.25151520013,5318.465063935979,34.262850747482446,61172.25151520013,0,0.6179828512642711,1.3644256739206675,2.7275104961794514,0.5261317166683932,0.5532360554822735,1.0490855950967906,2.7922451017709102,25.7593284944539,20.51083221228567,8.349056146570861,9.671264871960647,0.1294025189270296,0,0.0,0,0,0
False,0.8,170.82544056242205,46892.50841272064,4829.174559437578,26.323257907090415,61483.173984393434,1,0.9555091704670202,1.0120100293465155,2.789174790832574,0.364529121409202,0.5919888239799141,0.7912008075780517,4.735248009197836,22.919818423564344,18.852418816100332,5.311340828845114,15.82000190451062,0.08685263437237611,0,170.82544056242205,0,0,0
False,0.8,178.79003871449095,45950.128369757935,4821.209961285509,29.87389904094814,61933.067341522525,1,0.8743027063276483,0.9949108862142192,3.2641131636103946,0.7138939047129935,0.42934681580947254,0.4955213124977156,2.6764218685010746,24.56967711282526,18.106045242166488,10.857755812734633,19.28276289709949,0.10754741778758789,0,178.79003871449095,0,0,0
False,0.8,224.943427037535,41600.354738808775,4775.056572962465,26.22296977026222,66900.12742250419,1,0.7127128898794417,0.19979737892861926,3.743039502909536,0.501607413937317,0.12573937562499468,0.6343757570839337,4.770664714916634,22.95824756266789,18.579579488364892,9.89452760277563,19.827805449327208,0.07420552715115004,0,224.943427037535,0,0,0
False,0.8,224.943427037535,41600.354738808775,4775.056572962465,26.22296977026222,66900.12742250419,1,0.9175934499901637,0.34760488941903633,2.6539049003118915,0.24090338563129615,0.1129059534747435,0.4621995469857873,4.907787778972935,24.198118143580068,21.86328864461288,9.324978783301319,11.741793597023115,0.10061418628402441,0,224.943427037535,0,0,0
False,0.8,196.89067312755105,54773.639011763866,4803.109326872449,28.923335097562017,74156.60759407394,1,0.494342970653041,0.677960074479877,5.362355450508794,0.3548800596206766,0.4283683322706461,0.6902280770696338,4.4336828142165015,22.5234946428734,21.87928418031418,9.537895413836392,10.832605560157567,0.05734967473300127,0,196.89067312755105,0,0,0
False,0.8,303.0933840241578,40839.86538729159,4696.906615975842,27.84870402173844,86772.66510689938,1,0.9653843080446203,0.1803335662321585,2.2090481172322574,0.5249805287965201,0.4167391099130736,0.6094652225198427,2.84839018518206,25.339720947197197,21.937608722814208,10.256901823026858,10.060151430179642,0.07723073265193689,0,303.0933840241578,0,0,0
False,0.8,300.2064342150452,48324.9045875846,4699.793565784955,31.77317823544381,93386.85615964072,1,0.8139194318904655,0.3031892536747952,5.161121282253532,0.7264036120285886,0.2289708138575778,1.0919808552410148,4.54305550050304,24.22080324639785,20.118602313424027,7.418522909004517,9.11723321367079,0.13972157579533268,0,300.2064342150452,0,0,0
False,0.8,344.7145130422541,39168.03947772865,4655.285486957746,24.127305557540883,98582.08722870785,1,1.8728767804296544,0.9016299055688053,3.5722571026145493,0.36798745619617057,0.48474646659596843,0.5244524982690281,3.309198091010609,23.701745754465666,20.03044151473782,7.424097324150802,9.378041896870442,0.11106200424416326,0,344.7145130422541,0,0,0
False,0.8,344.7145130422541,39168.03947772865,4655.285486957746,24.127305557540883,98582.08722870785,1,0.7195349958324604,0.9346715989205266,1.6946322187339105,0.48868406111289053,0.3662947162757929,0.36218824418691226,3.3415106954848017,22.537658707755895,18.25349988189107,14.899602323899453,11.868246139696677,0.13098744458546346,0,344.7145130422541,0,0,0
False,0.8,344.7145130422541,39168.03947772865,4655.285486957746,24.127305557540883,98582.08722870785,1,1.2642957843408726,0.688653650224676,1.246427374699141,0.4011183449875406,0.5014267242990057,0.30555842760552343,3.3337479292278607,23.592674774363772,20.14958241175169,14.198556164127606,12.156151932391534,0.08469532018962277,0,344.7145130422541,0,0,0
False,0.8,344.7145130422541,39168.03947772865,4655.285486957746,24.127305557540883,98582.08722870785,1,1.536871738159966,0.7244160015049018,2.556707466461333,0.42262325779076165,0.5938247818680289,0.34813102969497894,4.667578740306121,24.314701634289573,19.75446167675836,12.252576604151365,13.840027297096434,0.13734232380816605,0,344.7145130422541,0,0,0
False,0.8,324.00065673384415,48409.969218379876,4675.999343266156,30.318432455831037,100898.18200036103,1,1.6369313221401953,1.027451306549983,4.158850947659666,0.6774756016616608,0.5450026709087832,0.7055941882218429,3.43895738159986,22.375927759363478,20.313120563984697,5.359422737967421,13.587176217589523,0.10426446347075766,0,324.00065673384415,0,0,0
False,0.8,324.00065673384415,48409.969218379876,4675.999343266156,30.318432455831037,100898.18200036103,1,1.9172918490657003,0.9683357565086881,2.0288926247655823,0.6030204106435141,0.4090641202289479,0.7297952616394086,2.7838939804990726,24.686292782371197,20.081230803615174,12.723183917356394,14.24196201334392,0.135218150031854,0,324.00065673384415,0,0,0
False,0.8,324.00065673384415,48409.969218379876,4675.999343266156,30.318432455831037,100898.18200036103,1,1.6651464851108337,0.9805462416118648,2.378141293539753,0.5743375017749832,0.3635207319558258,0.8113000606684457,2.8267759418504985,25.546416860961866,19.79913859528529,6.946225118207651,12.413112210527476,0.0914129752528927,0,324.00065673384415,0,0,0
False,0.8,339.90184261342074,46396.2380587761,4660.098157386579,26.612337072862857,104162.86936477541,1,0.8409741066161234,1.4817955858705225,3.7259866871059923,0.3423360750415967,0.15089123631020188,0.4834309670211984,3.1148943209612705,22.642725493038224,18.746268096205224,7.850951686938471,10.080483143537059,0.1396765424626425,0,339.90184261342074,0,0,0
False,0.8,339.90184261342074,46396.2380587761,4660.098157386579,26.612337072862857,104162.86936477541,1,1.8575261260682363,0.9824779246029964,4.584417809392793,0.4889134109075301,0.15865409448119724,0.4502229506430605,4.213913218072428,23.72122357959785,18.802098906801348,9.91594546741437,8.770507244901609,0.10819714019143988,0,339.90184261342074,0,0,0
False,0.8,339.90184261342074,46396.2380587761,4660.098157386579,26.612337072862857,104162.86936477541,1,0.6841881279831759,1.226704785860204,2.396628815156082,0.47313208944908075,0.10581026995405032,0.38693626535347064,3.481233891016712,23.919755338868494,20.400082192477214,7.916625787093032,16.33978263351851,0.13601223971892046,0,339.90184261342074,0,0,0
False,0.8,339.90184261342074,46396.2380587761,4660.098157386579,26.612337072862857,104162.86936477541,1,1.3968411040769924,1.2238574470661343,5.172300187657537,0.3407852491132721,0.2996579579046541,0.4828992159965009,4.981208755395938,25.70800387169718,20.15982852112224,13.420332943764212,14.251495727264507,0.11235856880027598,0,339.90184261342074,0,0,0
False,0.8,337.8739465134149,48897.946016409725,4662.126053486585,30.055936567565663,105977.34788268471,1,1.9780139363867972,0.3341936659515897,4.1281504932141715,0.44259126086257533,0.3140998074628074,1.1611173187898114,4.231090378310924,25.96502397480875,18.5135771578165,6.041096493841663,16.692065805544892,0.1078386917006409,0,337.8739465134149,0,0,0
False,0.8,350.1601016376144,47437.08287117793,4649.839898362386,33.02182001459493,108743.13126061014,1,0.6934891998076506,0.25721614813513194,1.3854621231839375,0.736514524798471,0.19593366235937146,0.6880458745386249,3.0666410055674698,23.41998522332775,18.277695370984375,10.190597909082705,8.811350763106578,0.13003565078223617,0,350.1601016376144,0,0,0
False,0.8,378.1186432089571,43117.815544468016,4621.881356791043,30.218144319002853,114604.66971555933,1,1.2915723073872618,0.16241601968245,1.4566219428971445,0.5981010614648335,0.10253079192310935,0.4929696617009984,3.8718344734164654,24.767580790770772,20.607845038010403,7.242693094605598,16.546150656170433,0.07372490874968,0,378.1186432089571,0,0,0
False,0.8,378.1186432089571,43117.815544468016,4621.881356791043,30.218144319002853,114604.66971555933,1,1.330220701083634,0.26037469313097705,4.931103808480497,0.7525234403190879,0.13053897992743188,0.6322531777766445,4.515503199482653,24.993038761534635,18.73808407742551,7.093493233367103,12.445665233496584,0.09845229851910213,0,378.1186432089571,0,0,0
False,0.8,396.0738603737627,42723.642447817525,4603.926139626237,27.57261614919769,121160.89388350499,1,0.6447858212182636,0.3653853181528043,4.923026049664907,0.3315283924148266,0.5879326279095657,0.7042749501253283,2.9552947892217483,25.158794028569915,20.634831102003503,9.98195716453139,14.664362611251574,0.12192017782722638,0,396.0738603737627,0,0,0
False,0.8,379.25182043519635,50424.985747327606,4620.748179564804,29.26687648501329,122340.95739903282,1,0.2218173943590079,0.47562196775938104,5.391431897095242,0.6809222671297939,0.5797883221605167,0.8854248527116348,2.7743404966937586,24.191837955894773,19.817509338239844,13.44357082739616,9.176990969410936,0.09882411370217781,0,379.25182043519635,0,0,0
False,0.8,424.03240194510545,38404.3751211076,4575.967598054895,24.7689404536056,128306.11407077534,1,0.6992861293660388,0.4039635656270778,3.0866428222299196,0.41201133681563173,0.391828055925436,0.3932815643579818,4.935987019165417,25.944842977918412,20.79264685607898,10.360963663441204,11.714331395435932,0.13137950197069487,0,424.03240194510545,0,0,0
False,0.8,424.03240194510545,38404.3751211076,4575.967598054895,24.7689404536056,128306.11407077534,1,1.5186297749784505,0.44016951109752167,1.140324107775781,0.3573584265798951,0.39753896535012745,0.3617109761811004,3.7409156180030907,24.387371395667557,19.336975563267842,12.709122037458219,9.279179037605262,0.05751377817358088,0,424.03240194510545,0,0,0
False,0.8,424.03240194510545,38404.3751211076,4575.967598054895,24.7689404536056,128306.11407077534,1,1.9458416829930867,0.2767659663157148,4.026709532013069,0.46625013158274276,0.5340711271887527,0.5125797473368631,4.231564880565411,25.35246115859244,21.778456877896094,11.832480282896459,13.966097168101127,0.11178472402012138,0,424.03240194510545,0,0,0
False,0.8,400.3636777124493,52634.93154864396,4599.636322287551,29.607472140224445,132780.46876436297,1,1.8207525028939948,1.0046869673189118,2.5256340597191533,0.40952574476759657,0.4629778394351197,1.3765323119430926,4.717716060662793,25.119502183430495,20.56812658461715,5.841399649950488,9.939544569135364,0.1398554188527079,0,400.3636777124493,0,0,0
False,0.8,400.3636777124493,52634.93154864396,4599.636322287551,29.607472140224445,132780.46876436297,1,1.805683799318804,1.002037145096305,4.576650865937418,0.5015822558631153,0.3884519423131796,0.8910212325826365,2.988107469495111,24.889808461046023,19.123089449763423,5.243159664314538,15.745667550886013,0.06771106794070489,0,400.3636777124493,0,0,0
False,0.8,400.3636777124493,52634.93154864396,4599.636322287551,29.607472140224445,132780.46876436297,1,1.739829051219813,1.099938110163032,3.1337822308929635,0.2587004963906009,0.3458079375584162,0.8681661249366788,2.933004674775038,23.735406596951893,19.594018937589492,11.158500980522165,15.621123810411726,0.054530400977204456,0,400.3636777124493,0,0,0
False,0.8,400.3636777124493,52634.93154864396,4599.636322287551,29.607472140224445,132780.46876436297,1,1.5231278788469944,1.2346992560195456,2.269155576570879,0.3064637262678337,0.47530737582042915,1.2682016871207167,4.976262855001684,23.650470707645706,19.488072343171133,12.764129607419967,12.089642483036215,0.14307573256035647,0,400.3636777124493,0,0,0
False,0.8,400.3636777124493,52634.93154864396,4599.636322287551,29.607472140224445,132780.46876436297,1,1.3504158880679007,1.3216896976020298,3.046329350352366,0.5093576171475502,0.34442329012846007,1.1002371090553251,2.849128136890782,22.11989435949071,19.231719766364762,12.046807627366467,10.42224142547538,0.11734324333249173,0,400.3636777124493,0,0,0
False,0.8,408.57705105442255,50575.86200523373,4591.422948945577,24.525847890921437,134043.46532939785,1,0.41575766120062907,0.6057804813948978,5.243093667606336,0.3939217592124532,0.3593953108716831,1.1436227506742134,3.409074005948235,25.887128330883844,21.849789179768443,7.5178229582536416,13.966982070708625,0.08008783098167696,0,408.57705105442255,0,0,0
False,0.8,416.88434242942094,60392.72223711433,4583.115657570579,27.891862748922158,147288.99971851968,1,0.5778300675720545,1.3623732907449635,1.9231283821690321,0.31441263239819994,0.11827483392404745,0.8664803341319991,3.912102833156541,22.26283455771341,21.102110466780044,9.532888347480277,14.29268323193096,0.09407627469382282,0,416.88434242942094,0,0,0
False,0.8,453.56109991931953,48988.910890673855,4546.4389000806805,29.757736900035912,151847.7465706853,1,0.759768179088192,0.5889974847361086,4.283227802521289,0.5825344828131279,0.5436063712881632,0.866657910194339,2.7989856148457544,24.85297914889198,21.04314019446759,10.612771975694962,17.25160615945473,0.09937955963643907,0,453.56109991931953,0,0,0
False,0.8,458.3512689441395,50541.494791397046,4541.6487310558605,31.785105554221083,155584.4376627485,1,0.4304825101239904,0.35506863624159735,1.6247222769223457,0.5845248468819289,0.19094004219957242,0.7148007399886358,4.7419710247650295,23.89584656105149,20.670230954084108,6.723198712016298,10.30746822570405,0.054086861626647886,0,458.3512689441395,0,0,0
False,0.8,497.8897292136762,40685.50028338788,4502.110270786324,28.122480106281508,164632.59151162178,1,0.6494024159465347,0.8107237009182398,1.99544248818821,0.7926008047979882,0.5720296698433066,0.34731217364220707,4.263937931289221,25.700993269662664,18.722301380509336,10.679452305526294,18.9858595710565,0.05339459785857989,0,497.8897292136762,0,0,0
False,0.8,497.8897292136762,40685.50028338788,4502.110270786324,28.122480106281508,164632.59151162178,1,1.8212633552202653,0.7193232512791649,2.245725087557732,0.5554101971560175,0.5561816728083455,0.5527946268067998,4.0574164589087065,24.526240880370082,20.932452089661123,6.315676851272598,16.58989957618506,0.1409032520665641,0,497.8897292136762,0,0,0
False,0.8,485.11246063277304,48856.07890739804,4514.887539367227,27.056870487745762,166523.12863798992,1,1.6533922792953126,1.3597232548967157,2.4310156373733873,0.2660311547166061,0.21396758127097085,0.8125293463515075,4.545036914806232,25.442922333025372,18.02780852212476,10.107473025775658,13.008932037785348,0.07221078104707303,0,485.11246063277304,0,0,0
False,0.8,493.07705878484285,47913.69886443533,4506.922941215157,30.607511621603482,169476.19181439103,1,0.8741722139252526,1.433464313653387,4.293972738151323,0.559195090518222,0.17800932022121826,0.48719342440344315,2.6452090304204985,25.464704583099742,20.404460046972837,12.080725777960454,8.24701393154963,0.1469909852161994,0,493.07705878484285,0,0,0
False,0.8,493.07705878484285,47913.69886443533,4506.922941215157,30.607511621603482,169476.19181439103,1,1.7792715294703199,1.150037633968176,4.1365708344787055,0.6214904503922656,0.27974557560987756,0.652310213117392,4.523402888696284,25.240453578716725,21.468289274320416,14.132405525564714,14.136108786331253,0.10015162946871996,0,493.07705878484285,0,0,0
False,0.8,493.07705878484285,47913.69886443533,4506.922941215157,30.607511621603482,169476.19181439103,1,1.9187575051937493,1.1461608375392875,3.494593236301303,0.5670324477406115,0.309800031213895,0.5972771874013889,3.389931696628154,25.031384441857476,18.05757395451902,6.160726405069163,8.552031704261033,0.05407288023189702,0,493.07705878484285,0,0,0
False,0.8,493.07705878484285,47913.69886443533,4506.922941215157,30.607511621603482,169476.19181439103,1,1.6630392210635045,1.4287855794682092,5.437004787202919,0.652026911155365,0.2881297927654579,0.4002008600384025,4.442867289818592,24.23361699894322,19.696888036987904,14.06354385094736,9.334369787673817,0.0992625104290859,0,493.07705878484285,0,0,0
False,0.8,493.07705878484285,47913.69886443533,4506.922941215157,30.607511621603482,169476.19181439103,1,0.963435208344295,1.1441997180933758,5.204651566460567,0.7553411077440659,0.32541968570206603,0.4358856550089063,4.962102997405836,25.355592345783737,18.498650724813068,14.208418826173723,18.43875634474554,0.10188380571260722,0,493.07705878484285,0,0,0
False,0.8,517.0582969665684,51025.82677601448,4482.941703033432,29.110863124615697,184700.46800699848,1,1.6844257386652686,0.6195424306679607,4.051072686515786,0.5394391783974747,0.23351413508471067,1.3543559836261896,4.493565054017321,24.6338073386337,21.402326916376968,13.672942009598025,16.500355720580416,0.1337013328363672,0,517.0582969665684,0,0,0
False,0.8,536.9629214209854,45701.96639870855,4463.037078579015,28.60190725090904,189866.5558891882,1,1.5648737526722407,0.18319233721938205,1.0995559818804876,0.3941661314897248,0.34432159520233285,1.2244889013693518,4.208238441516263,23.783610825506994,19.094506665126662,14.971245001577111,13.114175626831676,0.09513870243296754,0,536.9629214209854,0,0,0
False,0.8,536.9629214209854,45701.96639870855,4463.037078579015,28.60190725090904,189866.5558891882,1,1.9989447063872,0.21508625246175064,5.397283828995928,0.4441447764337224,0.5353767251686296,1.238862580869928,3.9175406524666694,24.953796837005306,21.51406224520539,9.041403216510329,11.924397938758865,0.11675933855635846,0,536.9629214209854,0,0,0
False,0.8,536.9629214209854,45701.96639870855,4463.037078579015,28.60190725090904,189866.5558891882,1,1.9199426527188825,0.1746139866130882,1.8810009355759574,0.20453772498688527,0.42373735707730154,1.3776366587399842,3.1087057414407484,25.708138179185227,18.241069561158245,14.344360268055143,12.219472246875613,0.06014208284492165,0,536.9629214209854,0,0,0
False,0.8,536.9629214209854,45701.96639870855,4463.037078579015,28.60190725090904,189866.5558891882,1,1.0745691665353863,0.4966483664226857,2.281928058828653,0.38437397895577197,0.5015129489163317,0.9469935320103053,3.278269247890009,24.441335133243673,20.864602696892774,7.7262400073353374,12.962589218304219,0.06218860933369476,0,536.9629214209854,0,0,0
False,0.8,536.9629214209854,45701.96639870855,4463.037078579015,28.60190725090904,189866.5558891882,1,1.1968440332822774,0.5624578193883318,2.7864168268342753,0.46832152430290147,0.4002971666803087,0.9188153132357972,4.7984799330360435,23.98785393162332,21.96863205929325,13.514249577450958,10.50212617228803,0.1430595214643916,0,536.9629214209854,0,0,0
False,0.8,536.9629214209854,45701.96639870855,4463.037078579015,28.60190725090904,189866.5558891882,1,0.9911210395392382,0.2926473237533543,3.883718416105928,0.3296229095057598,0.40979397744891477,1.080241310877784,2.88006213282162,22.245398508442673,21.12304634427376,9.598004237693202,8.69796554606571,0.1494866317169767,0,536.9629214209854,0,0,0
False,0.8,577.2076181165276,39921.83592676684,4422.792381883472,28.764115002346227,206506.15313264442,1,1.9908340807635836,0.3847585864463079,2.7830890850619645,0.6549430854224549,0.4480103090268961,0.48467508760782607,4.539582812476544,22.897762287346644,18.895270459290494,10.369744228934135,15.115279218100438,0.10800862078378112,0,577.2076181165276,0,0,0
False,0.8,553.5388938838714,54152.39235430319,4446.461106116129,33.602646688965066,207355.04587539312,1,1.3329175486434726,1.0892607301292332,3.0454347914549795,0.5765348480504382,0.3921571559615501,1.3813896125891867,2.6136159508536445,23.123852758368923,21.801645936306237,13.902637838909163,13.467881033428554,0.11201325978015367,0,553.5388938838714,0,0,0
False,0.8,553.5388938838714,54152.39235430319,4446.461106116129,33.602646688965066,207355.04587539312,1,1.1105996219920389,0.9754632178367747,1.0814958271937822,0.7232743453664909,0.5660591412418062,0.9781598203070507,4.241627059692231,25.689997524709185,20.828954537253594,6.525390429142614,14.915460322001758,0.1106715046382856,0,553.5388938838714,0,0,0
False,0.8,560.6278043239163,66990.54153313724,4439.372195676084,33.92930580302051,224142.30902366492,1,0.2781425591386745,1.0047543570519302,5.281315039929956,0.5609670920877987,0.5095944297133951,1.3610477560180894,3.070199429872331,22.84817935963291,20.443923955403967,9.110284698067048,18.078335634400645,0.1400023123398011,0,560.6278043239163,0,0,0
False,0.8,560.6278043239163,66990.54153313724,4439.372195676084,33.92930580302051,224142.30902366492,1,0.36042397780882995,1.1696150676706907,1.5747106763585568,0.6956405781515171,0.491014043835193,1.1504936372915717,2.5904009513119055,23.212513423781314,19.05245027964337,8.60136407471519,9.051712961166062,0.14369578230310626,0,560.6278043239163,0,0,0
False,0.8,560.6278043239163,66990.54153313724,4439.372195676084,33.92930580302051,224142.30902366492,1,0.409459516193857,1.2535571064631086,2.7128048206446103,0.7267845922670417,0.5340283450537252,1.2671104801411452,4.4750760907676534,23.218716556392163,18.32367713220501,9.029801787651614,10.082294179838104,0.11949510889024617,0,560.6278043239163,0,0,0
False,0.8,570.059558600843,61910.183042773555,4429.940441399157,31.887037297662783,224394.1332188676,1,0.6024725093350147,1.4503504282448252,1.0546951361041734,0.7819272960245836,0.12157995597528806,1.3693717364376854,3.8192527727157497,25.9718591844772,18.295186258941595,10.538542844013207,19.631630427429187,0.10230978441701488,0,570.059558600843,0,0,0
False,0.8,570.059558600843,61910.183042773555,4429.940441399157,31.887037297662783,224394.1332188676,1,0.7417344205042693,1.1060323196711301,1.3030777066094728,0.549302276105764,0.27294152847647835,1.0450986213209725,2.614355084531282,25.486147224609503,21.893955876709587,14.688778552856915,16.995821980915096,0.0630086240130632,0,570.059558600843,0,0,0
False,0.8,570.059558600843,61910.183042773555,4429.940441399157,31.887037297662783,224394.1332188676,1,0.6112185343963377,1.4950507866766016,5.386569229660524,0.5901954118081623,0.19977122546457257,1.1162738909175496,2.6804960224479397,22.122610008823223,19.030731554044856,9.626229567393164,18.419270064900566,0.1227169069766308,0,570.059558600843,0,0,0
False,0.8,598.5243502906869,49805.79372845789,4401.475649709313,30.935816773690647,228921.49267390234,1,1.7320460087303424,0.5778447069609749,1.7627173600874162,0.5340807574750102,0.5680773870803905,1.1352357560099675,3.9251529252234123,22.388705975083074,20.46002890679668,14.900538501042632,9.681008182838289,0.10183296523637367,0,598.5243502906869,0,0,0
False,0.8,598.5243502906869,49805.79372845789,4401.475649709313,30.935816773690647,228921.49267390234,1,1.620508229493209,0.8228969685542273,1.3911412963934067,0.5222639250911287,0.3934205590104396,1.194527369021196,3.5791488655741985,22.510321211182255,19.135103623194897,8.63082296398635,15.751006895979215,0.10707783046689118,0,598.5243502906869,0,0,0
False,0.8,609.7374581083277,65995.44441058711,4390.262541891672,33.85201091809836,251885.32832078944,1,0.30147589397166885,1.3173752079443217,4.658054541085349,0.7998306039716785,0.5983184185369527,0.9665180467231529,4.422468537951277,25.77906291952971,21.398589562709645,7.473481017431976,13.406529623721122,0.0629159415151495,0,609.7374581083277,0,0,0
False,0.8,637.997314887516,48590.33650983051,4362.002685112484,26.031099556482864,252110.62341167068,1,1.6983967534407591,0.43665779941567284,1.818212352431953,0.3100427059120603,0.25212112147976884,0.9297077179586855,3.5798625466052894,23.164916560792168,20.44741157888952,6.394938606520419,11.505735782422619,0.08663618432936918,0,637.997314887516,0,0,0
False,0.8,637.997314887516,48590.33650983051,4362.002685112484,26.031099556482864,252110.62341167068,1,0.8996191214410676,0.5163211928947595,4.729318791183682,0.4140519960161536,0.2404672548436904,0.9512352997898981,2.8523105624369065,25.20878792301616,18.298202574719085,14.868869366005173,17.26693723155989,0.06987156815341725,0,637.997314887516,0,0,0
False,0.8,637.997314887516,48590.33650983051,4362.002685112484,26.031099556482864,252110.62341167068,1,1.1409190928875894,0.7271803747840421,1.1143860703484283,0.2647348561959827,0.11571459284336713,1.0636924935165364,3.285889952690817,24.034282764658812,21.630265895704373,7.49292229148875,12.924595076427558,0.12555511385430485,0,637.997314887516,0,0,0
False,0.8,637.997314887516,48590.33650983051,4362.002685112484,26.031099556482864,252110.62341167068,1,1.3234680341284413,0.7027057304581746,3.484212313833911,0.4616759174811901,0.24723287977095884,1.438143968354588,4.4090144853994016,22.56045270306581,21.47387190359165,9.874311982495136,18.734626722729097,0.12998552559473153,0,637.997314887516,0,0,0
False,0.8,637.997314887516,48590.33650983051,4362.002685112484,26.031099556482864,252110.62341167068,1,1.851164435832037,0.3347051517405979,5.276068092193611,0.4676034637747735,0.19256646441930983,0.9502811368540298,4.682364589691021,24.928899545638245,21.2262445914458,11.587833667107173,16.30731877421423,0.13491956515653192,0,637.997314887516,0,0,0
False,0.8,637.997314887516,48590.33650983051,4362.002685112484,26.031099556482864,252110.62341167068,1,1.6037317800080297,0.20348541422028216,3.16228126266023,0.26295810705090494,0.22102250793126374,1.4839951119205756,2.856238857253783,23.995552613805422,20.472622937272476,12.024649705441039,14.715784201842968,0.050977084741918366,0,637.997314887516,0,0,0
False,0.8,659.001533112606,41131.60997240605,4340.998466887394,24.860918138196226,258273.12029478862,1,1.193432309794074,0.9072662615727716,4.944941211962552,0.44208971972743827,0.16700761422532037,0.33453921157600675,4.387843139184048,24.48123820541386,20.816319072396894,7.129641615089107,9.636457707041238,0.0514544665667882,0,659.001533112606,0,0,0
False,0.8,659.001533112606,41131.60997240605,4340.998466887394,24.860918138196226,258273.12029478862,1,1.2939262307819464,0.8421294898722866,2.038014152729914,0.305916819203305,0.21024310453508768,0.5237259145731055,4.448961183916883,23.40050103666692,18.231370706253585,14.691026301408113,18.60543061956111,0.14277522831952127,0,659.001533112606,0,0,0
False,0.8,659.001533112606,41131.60997240605,4340.998466887394,24.860918138196226,258273.12029478862,1,0.7876303548391854,0.8489107185693605,1.3953992461517501,0.4103761587255085,0.11660155439568329,0.3942941965860249,3.49230819050399,22.53086301617224,20.270163393046232,11.894649691372656,17.607040389308995,0.07001502442448101,0,659.001533112606,0,0,0
False,0.8,645.37658724424,63211.68889189132,4354.62341275576,31.378704150541818,271467.1585734024,1,0.22357002185900055,1.0457754522225593,1.8011618509138814,0.7766421904816732,0.17433136387655648,0.7975489484724285,2.7133741701966096,25.98749700738379,20.00878004132497,10.953850173200438,8.80491772866113,0.12499604703991778,0,645.37658724424,0,0,0
False,0.8,675.8081496180575,53408.273805290926,4324.1918503819425,34.705732003165465,281766.6013503823,1,0.5741952592628492,0.1858184752296566,1.816459457904088,0.5498249365818153,0.310712275296249,1.3712060532923698,4.543608904346103,23.367269406791504,19.03769373372517,8.79692408167267,15.083539310177693,0.07680636408228762,0,675.8081496180575,0,0,0
False,0.8,676.9831854844306,54025.46061449624,4323.016814515569,32.05832638875794,283178.5773288197,1,0.822979507768014,1.4670737711608852,3.884374348053994,0.6934883381806167,0.16626233637092422,1.3344173787271472,4.8068929762834856,23.948247675275745,20.42501175100391,12.648098009029955,10.09806352712495,0.10025660764634424,0,676.9831854844306,0,0,0
False,0.8,690.1381375924075,47219.427204367785,4309.8618624075925,32.597081799649665,285364.75168412615,1,1.1840785028179035,0.3995535149594615,5.363130824940513,0.6650796940166688,0.5697494707820946,1.3737928205131786,3.994749947027713,25.687496940092466,18.35397000820768,6.959828624191452,8.542727466926458,0.08253303307632644,0,690.1381375924075,0,0,0
False,0.8,690.1381375924075,47219.427204367785,4309.8618624075925,32.597081799649665,285364.75168412615,1,1.8296875575546745,0.2732370136612803,2.436911369156867,0.7700371802304831,0.575303573468778,0.9881254657479432,4.079593030424498,23.79378208791328,19.17284308679226,8.28664545369916,16.07022147292446,0.12523745294376798,0,690.1381375924075,0,0,0
False,0.8,690.1381375924075,47219.427204367785,4309.8618624075925,32.597081799649665,285364.75168412615,1,1.4325161105969826,0.36953286811560326,5.0991723302222915,0.6935223457539015,0.574899956645962,1.170863410066032,4.033537989839475,23.672972145162475,21.730913933416055,13.660638895004084,8.542624041274273,0.052636697449725205,0,690.1381375924075,0,0,0
False,0.8,690.1381375924075,47219.427204367785,4309.8618624075925,32.597081799649665,285364.75168412615,1,1.8890128222778682,0.3946646393236412,1.2992332031504987,0.6446723895740355,0.3872365565899559,1.3101945321099264,2.849430941565724,25.18106924743956,18.80650928019098,6.636559428657045,9.971189575171916,0.1314574720231382,0,690.1381375924075,0,0,0
False,0.8,690.1381375924075,47219.427204367785,4309.8618624075925,32.597081799649665,285364.75168412615,1,1.4553564810443118,0.5514211599529436,5.1597828791943865,0.7826349470992207,0.572133244556717,0.8690570599889564,4.655106627473284,25.378197594140282,19.276401892973023,13.289154741506774,8.444091616585911,0.10962698784820529,0,690.1381375924075,0,0,0
False,0.8,690.1381375924075,47219.427204367785,4309.8618624075925,32.597081799649665,285364.75168412615,1,1.6154210259479937,0.27070485312155035,2.879113491032178,0.7274709845372989,0.5723660111457052,0.8608818134998437,4.033528473026769,22.6681357843683,21.964674504547908,7.316717013834434,19.31278128962151,0.11496466489923685,0,690.1381375924075,0,0,0
False,0.8,719.4633682116346,47370.30346227391,4280.536631788365,27.856053205557817,306184.07256148895,1,0.9213735095755868,0.9055144472660942,1.6985811066882062,0.3091568782971627,0.5308928105067586,1.4353385545603592,3.4332732906993826,23.082978692574216,20.575998172956062,9.087341710980965,8.304636267924138,0.06561525973661904,0,719.4633682116346,0,0,0
False,0.8,719.4633682116346,47370.30346227391,4280.536631788365,27.856053205557817,306184.07256148895,1,1.7558448497113466,0.7888333740336022,5.356870425616248,0.3113153094218727,0.5343115839778054,1.23191622335009,4.42730461161013,25.37913291246755,21.044095963771994,11.262203216314154,9.57493853218865,0.0532526179491252,0,719.4633682116346,0,0,0
False,0.8,721.7219083542059,48694.83338193052,4278.278091645794,29.25652813776822,309136.0898811489,1,0.6118366978849205,0.25392287826887056,2.3038815381119564,0.2967327723524027,0.5648488261712865,1.2697444554773003,4.083509391276059,25.485842360750873,21.214688307596457,6.865700588860358,18.710707981879732,0.10393422419156506,0,721.7219083542059,0,0,0
False,0.8,714.6506977828003,54598.50204332136,4285.3493022172,30.341084720879792,309961.31196404307,1,1.6895682120203737,1.1403794137578929,4.461872021386029,0.20661875865718834,0.30807699908988073,0.8776129819623883,2.5479806920576418,23.039252834980136,21.04115929248854,6.37109705728999,14.423721577431099,0.07152018720172375,0,714.6506977828003,0,0,0
False,0.8,721.7396082228461,67436.6512221554,4278.260391777154,30.667743834935226,327890.6822609891,1,0.46473226567226833,1.4008932939680174,3.214523318857922,0.354946632979375,0.3295678781191307,1.4760390903425724,3.731545234982174,23.315006441150032,20.533603417266903,7.401456187781931,8.910359937303967,0.06288797219106493,0,721.7396082228461,0,0,0
False,0.8,783.7686728820172,52686.447848219796,4216.231327117983,28.624943115878416,359833.114143839,1,0.20993981082248434,1.250872928414026,4.180858047314278,0.6374043008245924,0.4856351733429729,0.3888535820809084,3.396164321360682,22.46347623810052,21.452413703502373,11.23298126827558,11.97077629823179,0.056355835028602363,0,783.7686728820172,0,0,0
False,0.8,791.1725310589372,50107.79731548974,4208.827468941063,30.02627410522349,363084.78426659224,1,1.7451429533174212,0.7291419369562748,4.378919805061738,0.6527257244508096,0.1515619344179663,1.38306348801548,3.763130931119643,25.305829864430965,19.280198404122448,13.955232284962005,12.670420144809958,0.05108376514802984,0,791.1725310589372,0,0,0
False,0.8,791.1725310589372,50107.79731548974,4208.827468941063,30.02627410522349,363084.78426659224,1,1.31279251396927,0.28651561276576687,1.3784806275174883,0.620581478875472,0.13638150318209677,1.2862320711484274,4.265605567891241,22.3253951225676,18.33935085634077,14.866395785011754,12.491249549073444,0.0870642147066891,0,791.1725310589372,0,0,0
False,0.8,791.1725310589372,50107.79731548974,4208.827468941063,30.02627410522349,363084.78426659224,1,1.0373701021106927,0.23119216251106003,3.5303356714505942,0.7745751707032282,0.18765147117882983,1.128005868984799,3.002334221647641,24.143310737892325,18.386705798586878,9.503709362581851,17.073959946742953,0.08475715242389821,0,791.1725310589372,0,0,0
False,0.8,791.1725310589372,50107.79731548974,4208.827468941063,30.02627410522349,363084.78426659224,1,1.438642470955776,0.7407642174747792,2.1460177992072302,0.7045229476555537,0.1192131744811625,1.3821143905625082,3.653693661561835,24.54880590723312,20.637415688823133,13.951177407065364,15.640036186006487,0.11139335847600618,0,791.1725310589372,0,0,0
False,0.8,812.1767492840281,42649.07077806529,4187.823250715972,28.856092686936854,372464.60681685084,1,1.3161309606713243,0.8701724741680341,5.0225166237293095,0.6731583267347185,0.1758374398663756,0.6740664813546579,3.1212228495361645,24.975785170290706,18.134129738943116,10.698896848713165,17.149504228888286,0.13767656367617492,0,812.1767492840281,0,0,0
False,0.8,822.7563018207366,51583.20349305247,4177.243698179263,26.685720443342046,390047.16958591994,1,0.7483047845120672,0.2818573539086182,4.0790486193047055,0.46409149624376084,0.16101911742238942,0.8942122921335243,2.585971302788046,25.637281608315128,19.035119926400068,11.62522284353982,11.740532913072931,0.10200680211778107,0,822.7563018207366,0,0,0
False,0.8,820.2728939301196,67798.15770393245,4179.72710606988,27.934906659579923,404221.96796217904,1,0.3646763073159588,1.3345721645510136,2.1952001916491772,0.27770895276968255,0.5443740399344886,1.446781797875704,4.655319043163626,25.238064298899513,20.620967922556087,10.508573706091394,9.043841118936921,0.09084532130706988,0,820.2728939301196,0,0,0
False,0.8,872.6385843830558,48887.76426793314,4127.361415616944,31.851227754298442,429636.81374496495,1,1.5809389200760284,0.692606733372477,3.1594402913675896,0.5765032779310222,0.5368385570931694,1.480900163039154,4.420683534661295,23.671067128669335,19.685428009108282,12.375823015888916,10.865325749219629,0.06104741131313947,0,872.6385843830558,0,0,0
False,0.8,872.6385843830558,48887.76426793314,4127.361415616944,31.851227754298442,429636.81374496495,1,1.394848149719249,0.7907516822622488,4.798767020361387,0.683402091770032,0.3926771821983761,1.3419255366159104,3.0146030250919207,22.447678477590912,19.07899844606796,5.570868560893149,14.374034336012384,0.14366056922949616,0,872.6385843830558,0,0,0
False,0.8,872.6385843830558,48887.76426793314,4127.361415616944,31.851227754298442,429636.81374496495,1,1.7640289720616928,0.9203231579624201,1.136741768635766,0.7585692173041867,0.4447633755157806,1.1118160629326959,3.0391878809942927,24.635541880930628,19.575457622616632,11.51232977041492,9.279116363695888,0.1157845304603036,0,872.6385843830558,0,0,0
False,0.8,879.7274948231016,61725.91344676718,4120.272505176898,32.17788686835388,448686.1460206323,1,0.29302709810349387,0.8673287526169998,3.4328580472454795,0.582457940898924,0.46304566686133075,1.4710224953550415,3.790750870752988,23.291825891764983,21.180744779074814,7.708322512620742,13.267657048467633,0.0578456381342266,0,879.7274948231016,0,0,0
False,0.8,879.7274948231016,61725.91344676718,4120.272505176898,32.17788686835388,448686.1460206323,1,0.31997367300924195,0.8498508296260255,1.6757605036766874,0.6424602612328913,0.3561109604063373,1.116273335050024,2.6041822515059607,22.339168064183212,20.86529355225073,5.720843359986734,8.855080733183103,0.05121084752348875,0,879.7274948231016,0,0,0
False,0.8,905.0216768504433,64019.30506268654,4094.9783231495567,25.384305007101233,473551.4228472807,1,0.3490376022652276,0.9642553477796242,2.1040709935659443,0.43357736842518596,0.24434686838534994,0.7268072597579389,4.297614762960613,23.1884868624927,20.265618561187587,9.760504021990997,15.964053984351779,0.1436829739324758,0,905.0216768504433,0,0,0
False,0.8,944.8804767809465,53132.55753723796,4055.1195232190535,25.363381147793127,499532.11523813236,1,0.4893678128869548,1.254255482560734,4.744603800809839,0.5044806402565019,0.1031929358584168,0.6444457598098954,4.042317295939355,25.924744712109693,20.527254108066675,7.598035810641598,15.608068437195335,0.10399853797158554,0,944.8804767809465,0,0,0
False,0.8,964.4762777434253,57947.06080552128,4035.5237222565747,29.62728521587519,523054.3059704277,1,0.344420742190956,0.8580903759198438,2.846785721453477,0.7894271701451638,0.15601945108402618,0.77742671885489,4.923676083188422,25.462028503575922,21.26828828379712,7.579028270449398,10.05065104868079,0.1168643219924431,0,964.4762777434253,0,0,0
False,0.8,975.9315179921587,53100.66429871171,4024.0684820078413,30.680894992082663,529321.8282039512,1,0.6140159071178655,0.31276529579932644,1.346289407331441,0.6177732655268839,0.2699374818840331,1.1697201258345138,2.663390851997356,23.261161351322443,20.15796516950135,12.907231648389637,11.825030035184838,0.1125891376437009,0,975.9315179921587,0,0,0
False,0.8,1014.7740661569014,54290.89253674213,3985.2259338430986,26.316247709796993,569174.0952090479,1,1.8928254518352456,1.4378035789534929,5.116889755992018,0.42209522015326667,0.10772830826443372,1.4139822751052704,3.5704603707932856,25.866619276174678,21.85447990835701,13.530094554673601,11.533386704835028,0.08850977286019253,0,1014.7740661569014,0,0,0
False,0.8,1014.7740661569014,54290.89253674213,3985.2259338430986,26.316247709796993,569174.0952090479,1,1.6248422787065273,1.2159844927726478,1.4104274637191065,0.49665218282154894,0.12877938000832215,0.9594346587884826,3.6038262534334424,25.550816731033198,19.403660050208316,6.170670164276059,9.71590018463403,0.12615106317174724,0,1014.7740661569014,0,0,0
False,0.8,1014.7740661569014,54290.89253674213,3985.2259338430986,26.316247709796993,569174.0952090479,1,1.4887500119253156,1.0395473215787043,1.1219319662656757,0.3331832971597697,0.2155373982940357,1.106271292318474,2.5492763443859103,22.416434327938294,21.199664341492756,6.785446620543336,15.832953294222497,0.07381827810467265,0,1014.7740661569014,0,0,0
False,0.8,1014.7740661569014,54290.89253674213,3985.2259338430986,26.316247709796993,569174.0952090479,1,1.5263727408995278,1.3147760546833585,1.9753291004084903,0.25742873331209704,0.1118192930231682,1.0703658005319192,4.017735090221952,24.18678965085628,18.927788384463902,8.909059959055146,15.133716022234076,0.09967668588591694,0,1014.7740661569014,0,0,0
False,0.8,1021.8629765969467,67129.04171557618,3978.1370234030533,26.642906823852428,589231.0131853622,1,0.49452287814500456,1.2229928908124046,4.121570016016699,0.3324617676732563,0.14119052280792135,1.1165991624896556,4.136278035702838,23.093038107992836,21.803454249001643,6.510578917809003,13.188017612511223,0.14436159201675988,0,1021.8629765969467,0,0,0
False,0.8,1043.4137624882196,53494.064019015015,3956.5862375117804,22.63054397243782,597850.2038939265,1,0.27339525479857507,0.9477054733041266,4.049039628290271,0.2099526973567137,0.3560465291496405,0.5717949302375256,4.112931976023624,22.697465716019966,20.763750952409865,8.867353463005374,19.240759864840815,0.06375209441459932,0,1043.4137624882196,0,0,0
False,0.8,1043.4137624882196,53494.064019015015,3956.5862375117804,22.63054397243782,597850.2038939265,1,0.3699973293606711,1.0720591441120817,1.3203489180710304,0.39138537817625685,0.5224376554847273,0.327926322882991,4.536171206472339,23.1274190990936,18.472659310486627,11.967371653641507,15.547314161358608,0.1377472013527053,0,1043.4137624882196,0,0,0
False,0.8,1057.9065311051863,63753.562665118996,3942.0934688948137,24.358534075838335,623336.6769426232,1,0.22043656058135433,0.7826918666920706,1.253364740568268,0.27129074976084316,0.15876312338855245,1.0790523625392763,4.365112198163558,24.33347506038864,21.848690193898168,8.74870579523704,11.428545035382328,0.13685991281894602,0,1057.9065311051863,0,0,0
False,0.8,1084.1226852986838,56205.076218930815,3915.877314701316,29.44418053170882,643866.0746085453,1,0.5014686480663255,0.29116658445144034,3.863936122946365,0.6238854358921408,0.11579307241282102,1.4234546954924279,2.629928209128681,24.165185341204282,20.836242077803664,13.709691237460856,16.569043185589134,0.1301728083069792,0,1084.1226852986838,0,0,0
False,0.8,1084.1226852986838,56205.076218930815,3915.877314701316,29.44418053170882,643866.0746085453,1,0.27081837320331736,0.3148483839135362,3.034895627275459,0.760325010516743,0.25807805248837523,0.9086817704260708,2.6039321476259802,22.593372803848354,21.946520491835386,14.651186964360456,8.059279771212916,0.14518117854232387,0,1084.1226852986838,0,0,0
False,0.8,1098.0556929523686,54650.018342897194,3901.9443070476314,29.358555696533756,657513.1707554504,1,0.24563133814782354,1.4495753598151988,4.761910542304927,0.6175845236562189,0.3044764722071349,0.5079531840850149,2.891092606677715,23.00097159265838,20.19690665882448,12.145959227000624,15.922368520612775,0.07799338969459428,0,1098.0556929523686,0,0,0
False,0.8,1167.949282328323,55808.35334240137,3832.050717671677,30.31142225853762,737861.1163880237,1,1.4098439853305813,1.1781864806937687,2.0693689479657986,0.6369298091671158,0.28389156635962665,1.0587669967122952,4.083824276902237,24.143098736299034,18.361159080217632,13.35302495589238,11.849360779660831,0.06865185103998542,0,1167.949282328323,0,0,0
False,0.8,1167.949282328323,55808.35334240137,3832.050717671677,30.31142225853762,737861.1163880237,1,1.7730021396125275,0.9565076879299163,3.70232587195144,0.5990220047277534,0.1876856393117248,1.3972943351099518,3.546926312230183,23.53255411299799,20.07567082113135,5.46965966775055,9.995400425072953,0.12380336164263704,0,1167.949282328323,0,0,0
False,0.8,1167.949282328323,55808.35334240137,3832.050717671677,30.31142225853762,737861.1163880237,1,1.4554486310047106,1.0681900418764056,3.7837512019683293,0.6516299837345848,0.17930255264653686,1.3570449110387142,4.6796088193630805,22.116989132138237,21.30326700225905,6.2886986747344515,12.021426251109702,0.12435082562916078,0,1167.949282328323,0,0,0
False,0.8,1175.0381927683688,68646.50252123541,3824.961807231631,30.638081372593057,759003.8797534124,1,0.23310321778544013,1.3843033888566736,1.529879873005635,0.5459098853085522,0.237027610343603,0.965013603018952,4.128550970879661,25.318967214828806,18.825685087042412,5.1099582865848046,9.642627560825687,0.1400018641848105,0,1175.0381927683688,0,0,0
False,0.8,1333.8737566560862,49026.26445037209,3666.1262433439138,24.564828775130362,938635.8637982821,1,1.44910720004078,0.8826779985192549,2.133095765081287,0.40741759610235173,0.19079885840071284,1.390140673600354,3.958479486915301,23.60340566705456,19.848023214576532,14.472833396118153,9.840216837392962,0.10862298320167972,0,1333.8737566560862,0,0,0
False,0.8,1333.8737566560862,49026.26445037209,3666.1262433439138,24.564828775130362,938635.8637982821,1,1.5107397611664861,0.818913276878368,4.097810783924812,0.4608964031622478,0.2232010166195534,1.2829227812090396,4.498539697422448,24.778785883417708,19.08858054891985,10.902306668690871,12.331686763280322,0.059158207332663415,0,1333.8737566560862,0,0,0
False,0.8,1357.7007825585706,55457.63451369241,3642.2992174414294,23.364156553093164,977133.3419937699,1,0.30400500979345996,1.088297558959047,5.426555163685361,0.3435080625295554,0.1711246843435981,0.4456619273069147,3.2581878689189887,22.404183244042585,20.76864536677653,5.622917981300627,14.113065537797477,0.14966968538529768,0,1357.7007825585706,0,0,0
False,0.8,1417.1553834515535,49385.39025652714,3582.8446165484465,27.607136761867128,1053550.0806793869,1,0.5055642291575734,0.8516948305506239,2.516514293940788,0.6973300195295657,0.31544376183090295,0.5984571271051559,4.042862466510075,24.82710886754178,18.6681676316038,6.676192162883177,8.440057123202516,0.12364020150656405,0,1417.1553834515535,0,0,0
False,0.8,1487.0489728275074,50543.72525603132,3512.9510271724926,28.56000332387099,1156201.049049704,1,1.3973549972531603,0.8561383234383112,2.614737178555761,0.7263203244878651,0.29622255371131767,1.2799193273658924,3.597837271425546,23.507777717699632,19.850719142678425,8.01377874164142,16.971312562115013,0.10027203900924792,0,1487.0489728275074,0,0,0
