simulation_id,dominance_rank,crowding_distance,annual_consumption_kwh,comfort_hours,peak_cooling_kw,is_validated,wall_u_value,roof_u_value,window_u_value,window_shgc,window_to_wall_ratio,infiltration_ach,hvac_cop,hvac_setpoint_cooling,hvac_setpoint_heating,lighting_power_density,equipment_power_density,occupancy_density
nsga2_20260116_170241_r0_0,0,inf,37270.93461597362,4933.895744578809,26.473461847455603,True,1.0143713023706937,0.4992868092307837,3.820367966418016,0.3660186762260359,0.4092833848755898,0.6191116280676382,2.8090816388999857,22.996379955536877,20.154780079365167,6.383740615161557,8.859973506494903,0.1185926153569324
nsga2_20260116_170241_r0_1,0,0.022854600325044036,37270.93461597362,4933.895744578809,26.473461847455603,False,0.9850473758477303,0.4992868092307837,3.8364021793859764,0.5046374974686074,0.5681612771552398,0.6429154727564536,3.1788661600895454,22.94489081852217,20.219634356920267,6.383740615161557,10.805800271068549,0.1189254595743114
nsga2_20260116_170241_r0_2,0,0.024942815035554258,43833.86401778116,4054.956124970744,21.533001398531788,False,0.22452376169681212,0.37909808294517044,3.9286007063059207,0.5023962259125514,0.41062596940639406,0.6426468609580442,4.248904477564923,23.021669405251085,21.138211073935643,12.564583726317107,8.399950115274319,0.07047478314829438
nsga2_20260116_170241_r0_3,0,inf,43833.86401778116,4054.956124970744,21.533001398531788,True,0.22452376169681212,0.37909808294517044,3.9286007063059207,0.48102134292703036,0.4083321164355763,0.6426468609580442,4.248904477564923,23.021669405251085,21.138320780878786,7.60842840346748,8.399950115274319,0.0707349215662152
nsga2_20260116_170241_r0_4,0,inf,47158.515845764865,4408.140880317979,19.242409063087443,True,0.21162975073642468,0.5754900723117643,5.342021776673666,0.36267242937504324,0.40891055463641324,0.7029673237929158,4.542044595570337,25.415594245257623,21.215005703329766,12.618922173307022,19.45840640672514,0.06873740461644952
nsga2_20260116_170241_r0_5,0,inf,47158.515845764865,4408.140880317979,19.242409063087443,True,0.21162975073642468,0.5754900723117643,5.342021776673666,0.36267242937504324,0.40891055463641324,0.7029673237929158,4.542044595570337,25.415594245257623,21.215005703329766,12.618922173307022,19.45840640672514,0.06873740461644952
nsga2_20260116_170241_r0_6,0,inf,43579.352620575584,5599.679216231869,33.198692277348286,True,0.8596217151805614,0.41816634234557726,3.6369187648636023,0.5261563343863259,0.2049371112524015,0.7106564638771118,4.115879844230342,24.421444648064675,21.2215140400195,14.292862870304429,8.90511620286129,0.06555675688298346
nsga2_20260116_170241_r0_7,0,inf,43579.352620575584,5599.679216231869,33.198692277348286,True,0.8460567919967432,0.37956407009420023,3.6697627377526754,0.5241456086890731,0.19960412081473108,0.7106289711442051,4.377766005542562,25.422618742593922,19.64088137736207,12.623439386957171,18.63036076368177,0.06555978949059207
nsga2_20260116_170241_r0_8,0,0.08669619629256928,44597.52837440221,4134.274013873595,20.891366502467072,True,0.21162975073642468,0.5754900723117643,5.342021776673666,0.36026199675303916,0.40891055463641324,0.6182587127307606,4.514450100214107,25.431437264163314,21.138320780878786,7.513594043625873,19.45840640672514,0.0763442470115088
nsga2_20260116_170241_r0_9,0,0.03343478914046627,44597.52837440221,4134.274013873595,20.891366502467072,False,0.21504008554929824,0.5754900723117643,5.342021776673666,0.36026199675303916,0.40891055463641324,0.6182587127307606,4.514450100214107,25.39286439273428,21.156989454211754,7.715963383900481,19.45908130519842,0.07084678515834815
nsga2_20260116_170241_r0_10,0,0.07787523997802816,39168.03947772865,4655.285486957746,24.127305557540883,True,1.5780749024036667,0.8537547473177759,3.820367966418016,0.36475846815052304,0.5674967795476208,0.642873781035783,3.1792877677054614,22.996379955536877,20.154780079365167,6.383740615161557,10.775137756738241,0.11939498122990523
nsga2_20260116_170241_r0_11,0,0.04948885782127032,39168.03947772865,4655.285486957746,24.127305557540883,False,1.603377298881552,0.8537547473177759,3.820367966418016,0.36475846815052304,0.4086598161652333,0.6190699363469676,2.809503246520768,23.000023656568224,21.06481750547325,6.383740615161557,8.82918102312802,0.11937340010949907
nsga2_20260116_170241_r0_12,0,0.01994949381394447,44833.43886931041,4820.961186095605,21.241633657787407,False,0.41408314913699085,0.5758027653613754,5.342021776673666,0.5001932696104483,0.410481938441317,0.7029670138665036,4.539246919624159,25.39293046104974,21.156220282870247,12.577577964265439,8.90428141706806,0.12914246404553448
nsga2_20260116_170241_r0_13,0,0.06394713523450768,44833.43886931041,4820.961186095605,21.241633657787407,False,0.413631222454881,0.5758027653613754,5.342021776673666,0.5001932696104483,0.4104519107031047,0.7029076716941282,4.5392372216201995,25.39293046104974,21.156220282870247,12.577577964265439,8.90428141706806,0.12947393339529512
nsga2_20260116_170241_r0_14,0,0.07629710282653777,38404.3751211076,4575.967598054895,24.7689404536056,True,0.6748375342200461,0.37909808294517044,3.9286007063059207,0.35947420296123184,0.3887775230907836,0.6449183721729397,2.7803405723478885,23.039438914410294,20.6263587710394,7.5189330782429415,19.89866210138967,0.07651146261387883
nsga2_20260116_170241_r0_15,0,0.06768245289498474,40612.14080106408,5304.4804304938825,30.144360716128165,True,0.8713047427952718,0.5242039135516843,1.086862312787948,0.525135011130689,0.405934164166721,0.7117970584281899,4.132651723811911,24.496980408800578,20.13391705242824,14.190589441559023,8.761509966583098,0.1382472739324034
nsga2_20260116_170241_r0_16,0,0.05738646607791383,43808.120418765255,5503.569405401452,31.598390032784785,False,0.8713047427952718,0.524749042180336,3.727123346310132,0.525135011130689,0.22360422749516487,0.7109853743771125,4.132651723811911,24.420893850800777,20.119208416848714,14.215715195100037,8.563530801917972,0.13904191869385035
nsga2_20260116_170241_r0_17,0,0.024762294464484785,41729.026949091305,4929.152353402131,22.478348118161254,False,0.6548730359903654,0.5759958054177275,3.781996822525166,0.3614571154465249,0.40647699164507645,0.7029673237929158,4.128246709254242,25.420947800590106,18.182229888738803,12.539140394204805,9.567475712689978,0.0713277737111566
nsga2_20260116_170241_r0_18,0,0.05568009307837289,41729.026949091305,4929.152353402131,22.478348118161254,False,0.6548730359903654,0.5759958054177275,3.781996822525166,0.3614571154465249,0.40647699164507645,0.7029673237929158,4.128246709254242,25.420947800590106,18.182229888738803,12.539140394204805,9.567475712689978,0.0713277737111566
nsga2_20260116_170241_r0_19,0,0.053311099827942694,45463.39197122144,5527.790603851713,29.358297292865434,False,0.6398510243216372,0.5195916314056114,3.6692240854751628,0.5268225754390792,0.1867601035031117,0.7139274705385048,4.364197218174298,24.42027916782589,21.21708574984433,12.649315538111178,8.724502287776758,0.14022675737453294
nsga2_20260116_170241_r0_20,0,0.024296700022826998,45463.39197122144,5527.790603851713,29.358297292865434,False,0.6398510243216372,0.5195916314056114,3.6692240854751628,0.5268225754390792,0.1867601035031117,0.7139274705385048,4.364197218174298,24.42027916782589,21.21708574984433,12.649315538111178,8.724502287776758,0.14022675737453294
nsga2_20260116_170241_r0_21,0,0.028590193758175356,37499.702414163294,4837.785933748394,24.87315960289211,False,1.5408687704374586,0.5217681186148637,3.820367966418016,0.35326925124453035,0.5674967795476208,0.642873781035783,3.1950552190151793,22.996379955536877,19.694292054527295,6.383740615161557,10.775137756738241,0.11939498122990523
nsga2_20260116_170241_r0_22,0,0.05230588837904874,37499.702414163294,4837.785933748394,24.87315960289211,False,1.0055715274025074,0.5238057105457713,3.9294352819558025,0.48167494019237245,0.5662245027920213,0.548315554865297,2.8281420894844413,23.020242752657886,21.12582894298591,7.587013244706339,8.967833429715022,0.06961298200928413
nsga2_20260116_170241_r0_23,0,0.036802807259348695,42929.19131083685,4316.774460664244,21.637220547818295,False,0.20964496061889104,0.5708256920545023,1.4140762603614285,0.36026199675303916,0.40885162115173845,0.551988591862178,4.517931636321613,25.406068686866103,20.204101725032245,7.513594043625873,19.45840640672514,0.0763442470115088
nsga2_20260116_170241_r0_24,0,0.051075054690261336,42929.19131083685,4316.774460664244,21.637220547818295,False,0.2123012171449034,0.5247450896529409,1.2511531141448522,0.5117741144646519,0.406243697651291,0.5530509565374582,4.542700773921868,24.45731390458162,20.62334182499942,12.886771778006427,19.230754732543666,0.06983736807243578
nsga2_20260116_170241_r0_25,0,0.028865963653400023,46361.08142344623,5202.550607793824,23.44151701979525,False,0.4172421090808477,0.5769313512939893,3.7325299305002813,0.49506428438006733,0.23085881428932029,0.7027740746503492,4.504462196261555,25.449502122252262,21.158133321580056,7.592692566435862,9.749650772740287,0.07633976242215429
nsga2_20260116_170241_r0_26,0,0.04736477627381812,46361.08142344623,5202.550607793824,23.44151701979525,False,0.4172421090808477,0.5769313512939893,3.7325299305002813,0.49506428438006733,0.23085881428932029,0.7027740746503492,4.504462196261555,25.449502122252262,21.158133321580056,7.592692566435862,9.749650772740287,0.07633976242215429
nsga2_20260116_170241_r0_27,0,0.015723121054724305,40383.37300287441,5400.590241324298,31.744662960691663,False,0.8596217151805614,0.41816634234557726,3.6369187648636023,0.5261563343863259,0.41956034630102423,0.7140644547191246,4.101303719524621,24.421444648064675,21.2215140400195,14.292862870304429,8.90511620286129,0.06536150005053692
nsga2_20260116_170241_r0_28,0,0.04631601099706477,40383.37300287441,5400.590241324298,31.744662960691663,False,0.8460567919967432,0.37956407009420023,3.6697627377526754,0.5241456086890731,0.41422735019423806,0.7140369619862179,4.363189880836842,25.422618742593922,19.64088137736207,12.623439386957171,18.63036076368177,0.06536453265814555
nsga2_20260116_170241_r0_29,0,0.048835595196465256,43027.90170503745,5406.851585930765,26.278533724732597,False,0.6398510243216372,0.5195916314056114,3.9359008444490393,0.4810454772313185,0.21021334953809404,0.7139274705385048,4.5184896090909215,24.42027916782589,21.21708574984433,12.649315538111178,8.724502287776758,0.14022675737453294
nsga2_20260116_170241_r0_30,0,0.04145042442865883,41143.8623543916,5478.740198310921,30.118928709215446,False,0.8572895042027628,0.5181041064062724,3.930644458731929,0.4799558103349381,0.21071631107376426,0.7140520337979843,4.518346915094609,24.42019004394526,21.21708574984433,12.649315538111178,8.724502287776758,0.1392548863674865
nsga2_20260116_170241_r0_31,0,0.018474588703134547,41143.8623543916,5478.740198310921,30.118928709215446,False,0.8690921890491401,0.5195916314056114,3.9359008444490393,0.4810454772313185,0.21021334953809404,0.7138088234515665,4.537927879254239,24.42027916782589,21.21708574984433,14.298671690518006,8.724502287776758,0.06524996819736761
nsga2_20260116_170241_r0_32,0,0.04103907931106171,40060.68988552595,5111.652800192779,23.224202163512476,False,0.626945195606836,0.5725556034844044,3.841342797133209,0.35274511505751266,0.409308695501564,0.7144404548434351,4.3534695882066945,24.42029461808377,20.609129823582425,14.348207943735163,8.73309021578547,0.1186094884302756
nsga2_20260116_170241_r0_33,0,0.03941516787798071,40060.68988552595,5111.652800192779,23.224202163512476,False,0.626945195606836,0.5725556034844044,3.8423247050102605,0.355218619199476,0.409308695501564,0.7139245646047462,4.364413193768778,24.42029461808377,21.178844679190444,14.348207943735163,8.733684857629912,0.1186094884302756
nsga2_20260116_170241_r0_34,0,0.025932995437824527,38176.6505348801,5183.541412572935,27.064597147995336,False,0.8524897189088199,0.5750261314366037,3.6500263072491976,0.3705608591713975,0.41141003614853944,0.7117972293012202,4.536809560520866,25.441199438712093,20.604194855403605,12.576654785905356,8.892892571281308,0.07049319554467631
nsga2_20260116_170241_r0_35,0,0.039751042137540105,38176.6505348801,5183.541412572935,27.064597147995336,False,0.8524897189088199,0.5705969264600713,3.6500263072491976,0.3705608591713975,0.4114205829031523,0.7109688942205091,4.536809560520866,25.441199438712093,20.182530243538384,12.576654785905356,8.892892571281308,0.07049319554467631
nsga2_20260116_170241_r0_36,0,0.036337551153693304,43165.101805745064,5003.461632886253,21.98748770313863,False,0.4230810136571185,0.5713850866237316,5.342021776673666,0.5017164647539181,0.40891055463641324,0.7029101843388174,4.501875944139204,25.393373061228623,21.15739602829732,12.61899147899588,19.459026044521202,0.0708044568454465
nsga2_20260116_170241_r0_37,0,0.029822233624082952,43165.101805745064,5003.461632886253,21.98748770313863,False,0.43254706610458027,0.5678446105505952,3.768974109385051,0.3700143322396441,0.4036240887796675,0.7027700053873869,4.516970818409978,25.420281760731285,21.106898142722393,12.577774506810663,9.64568312190032,0.0700624017454764
nsga2_20260116_170241_r0_38,0,0.02396065283222742,37947.88273669042,5279.65122340335,28.66489939255883,False,0.8642255013749698,0.41964533038588614,3.6369187648636023,0.35030861291601345,0.3976634128956029,0.7106564638771118,4.115879844230342,24.420291963049316,21.227477736379942,14.34598316490785,8.90511620286129,0.1199609797371672
nsga2_20260116_170241_r0_39,0,0.034428356219864335,37947.88273669042,5279.65122340335,28.66489939255883,False,0.8496276239993796,0.4128097308783447,3.5930939350625435,0.34899294108227574,0.40891307558310186,0.7106445994905202,4.542374553189366,24.38050433624572,21.2791761871499,14.484381195129378,19.278573757084928,0.06842104400537705
nsga2_20260116_170241_r0_40,0,0.03352531059271066,45692.15976941111,5431.680793021297,27.757995048301932,False,0.6378304057568897,0.5330885477759626,3.9359008444490393,0.5194503211047363,0.2234028634481509,0.7111813803288125,4.519276211205574,24.39857308946155,21.225310034674617,12.649315538111178,8.936476767835382,0.14205116758922182
nsga2_20260116_170241_r0_41,0,0.03140235592684235,45692.15976941111,5431.680793021297,27.757995048301932,False,0.6223414094124278,0.5710766154440956,3.841342797133209,0.5285928365308015,0.21658239463407908,0.7144404548434351,4.3534695882066945,24.421447303099132,20.60316612722194,14.295087649131744,8.73309021578547,0.06420545723595827
nsga2_20260116_170241_r0_42,0,0.03328102151799201,42267.41235352027,5328.7016289441435,27.904267976208807,False,0.6334561623317384,0.5200617942312569,3.6697627377526754,0.5244345145025584,0.41549188624439315,0.7140369751975815,4.363222635775263,24.202163391001072,19.684659772124746,12.623439386957171,9.383991913695212,0.13832377596636145
nsga2_20260116_170241_r0_43,0,0.026261224792585823,42267.41235352027,5328.7016289441435,27.904267976208807,False,0.6334561623317384,0.5200617942312569,3.6697627377526754,0.5322395558643263,0.41549188624439315,0.7140369751975815,3.1798929262471507,24.202163391001072,20.1467183125279,12.623439386957171,9.383991913695212,0.11962227603459015
nsga2_20260116_170241_r0_44,0,0.032666562142399665,45490.17878219951,4590.6413271086285,19.988263108438666,False,0.24832170935913192,0.5680033488129915,5.225557478579386,0.5059183837864325,0.41021949793626333,0.716222630863867,4.47929420737179,22.04562180046745,18.172149817589553,6.999847714244168,18.615051514267062,0.07133205755110425
nsga2_20260116_170241_r0_45,0,0.03154548517122668,45490.17878219951,4590.6413271086285,19.988263108438666,False,0.24832170935913192,0.5680033488129915,5.1823857180256825,0.5059183837864325,0.4216013187197799,0.716222630863867,4.47929420737179,24.32613541301053,18.172149817589553,12.705436528751521,18.615051514267062,0.12013180123997111
nsga2_20260116_170241_r0_46,0,0.03906504497080407,39831.92208733628,5207.762611023195,24.824504408075974,False,0.6693947329013796,0.44608302486233253,1.060079537090311,0.36744075495423667,0.5672210115355454,0.7117773648760691,2.771577923826166,24.497005034050282,21.117498740828903,13.592856980423079,8.762332473823486,0.06997285423621671
nsga2_20260116_170241_r0_47,0,0.026261224792586066,41372.630152581274,5382.630387480505,28.518626464651952,False,0.8748224282110317,0.5769313512939893,3.7357993997023287,0.49506428438006733,0.22309520648574493,0.7027740746503492,4.166652885686904,25.449502122252262,21.203447230987653,12.686016262802386,9.673991295839524,0.07214309775370135
nsga2_20260116_170241_r0_48,0,0.02714576276294558,41372.630152581274,5382.630387480505,28.518626464651952,False,0.847175212894854,0.5247961450644837,3.727123346310132,0.36062328731260906,0.22102979956789198,0.7103381781611925,4.131948847490131,24.440757417074764,20.15264835950824,12.652845750185833,8.563530801917972,0.0701431019610212
nsga2_20260116_170241_r0_49,0,0.018474588703133826,42496.18015170994,5232.591818113728,26.303965731645313,False,0.6282375092802193,0.5336926690514893,3.821815674580711,0.5194503211047363,0.4126095531960763,0.7111813803288125,4.516551775245935,24.41653921099865,20.08826011335262,6.170976234234513,8.937700558230375,0.14239219630422617
nsga2_20260116_170241_r0_50,0,0.024003930151870093,42496.18015170994,5232.591818113728,26.303965731645313,False,0.62611602520086,0.5272915105261475,5.341995158935508,0.5247586628934555,0.40891307558310186,0.7225965110885704,4.50229967857122,24.417641753431624,21.213929690694354,14.35895154636717,19.28222597069525,0.07668772470363132
nsga2_20260116_170241_r0_51,0,0.03451688633760281,43256.66950322713,5310.74177510035,24.678231480169096,False,0.6385305520508968,0.5239090458170189,3.8247221987920192,0.506629210504034,0.21519232610720151,0.7174686895562729,3.110650040565072,24.951433555338077,19.710773100923237,12.573186986057243,9.016471074178243,0.06840529502774816
